,Entity,Code,Year,GDP,Unnamed: 4,ID
0,Afghanistan,AFG,2018,18353881130,Afghanistan_2018
1,Afghanistan,AFG,2017,18869945678,Afghanistan_2017
2,Afghanistan,AFG,2016,18017749074,Afghanistan_2016
3,Afghanistan,AFG,2015,19907111419,Afghanistan_2015
4,Afghanistan,AFG,2014,20484885120,Afghanistan_2014
5,Albania,ALB,2018,15147020535,Albania_2018
6,Albania,ALB,2017,13019693451,Albania_2017
7,Albania,ALB,2016,11861200797,Albania_2016
8,Albania,ALB,2015,11386846319,Albania_2015
9,Albania,ALB,2014,13228144008,Albania_2014
10,Algeria,DZA,2018,175000000000,Algeria_2018
11,Algeria,DZA,2017,170000000000,Algeria_2017
12,Algeria,DZA,2016,160000000000,Algeria_2016
13,Algeria,DZA,2015,166000000000,Algeria_2015
14,Algeria,DZA,2014,214000000000,Algeria_2014
15,American Samoa,ASM,2018,641000000,American Samoa_2018
16,American Samoa,ASM,2017,612000000,American Samoa_2017
17,American Samoa,ASM,2016,671000000,American Samoa_2016
18,American Samoa,ASM,2015,673000000,American Samoa_2015
19,American Samoa,ASM,2014,643000000,American Samoa_2014
20,Andorra,AND,2018,3218316013,Andorra_2018
21,Andorra,AND,2017,3000180750,Andorra_2017
22,Andorra,AND,2016,2896679212,Andorra_2016
23,Andorra,AND,2015,2789870188,Andorra_2015
24,Andorra,AND,2014,3271808157,Andorra_2014
25,Angola,AGO,2018,101000000000,Angola_2018
26,Angola,AGO,2017,122000000000,Angola_2017
27,Angola,AGO,2016,101000000000,Angola_2016
28,Angola,AGO,2015,116000000000,Angola_2015
29,Angola,AGO,2014,146000000000,Angola_2014
30,Antigua And Barbuda,ATG,2018,1605351852,Antigua And Barbuda_2018
31,Antigua And Barbuda,ATG,2017,1467977778,Antigua And Barbuda_2017
32,Antigua And Barbuda,ATG,2016,1436585185,Antigua And Barbuda_2016
33,Antigua And Barbuda,ATG,2015,1336692593,Antigua And Barbuda_2015
34,Antigua And Barbuda,ATG,2014,1249733333,Antigua And Barbuda_2014
35,Argentina,ARG,2018,518000000000,Argentina_2018
36,Argentina,ARG,2017,644000000000,Argentina_2017
37,Argentina,ARG,2016,558000000000,Argentina_2016
38,Argentina,ARG,2015,595000000000,Argentina_2015
39,Argentina,ARG,2014,526000000000,Argentina_2014
40,Armenia,ARM,2018,12457941907,Armenia_2018
41,Armenia,ARM,2017,11527458566,Armenia_2017
42,Armenia,ARM,2016,10546135160,Armenia_2016
43,Armenia,ARM,2015,10553337673,Armenia_2015
44,Armenia,ARM,2014,11609512940,Armenia_2014
45,Aruba,ABW,2018,3202188607,Aruba_2018
46,Aruba,ABW,2017,3092430168,Aruba_2017
47,Aruba,ABW,2016,2983636872,Aruba_2016
48,Aruba,ABW,2015,2962905028,Aruba_2015
49,Aruba,ABW,2014,2790849162,Aruba_2014
50,Australia,AUS,2018,1430000000000,Australia_2018
51,Australia,AUS,2017,1330000000000,Australia_2017
52,Australia,AUS,2016,1210000000000,Australia_2016
53,Australia,AUS,2015,1350000000000,Australia_2015
54,Australia,AUS,2014,1470000000000,Australia_2014
55,Austria,AUT,2018,455000000000,Austria_2018
56,Austria,AUT,2017,417000000000,Austria_2017
57,Austria,AUT,2016,396000000000,Austria_2016
58,Austria,AUT,2015,382000000000,Austria_2015
59,Austria,AUT,2014,443000000000,Austria_2014
60,Azerbaijan,AZE,2018,47112941176,Azerbaijan_2018
61,Azerbaijan,AZE,2017,40865558912,Azerbaijan_2017
62,Azerbaijan,AZE,2016,37867518957,Azerbaijan_2016
63,Azerbaijan,AZE,2015,53074370486,Azerbaijan_2015
64,Azerbaijan,AZE,2014,75244294275,Azerbaijan_2014
65,"Bahamas, The",BHS,2018,13022100000,"Bahamas, The_2018"
66,"Bahamas, The",BHS,2017,12490700000,"Bahamas, The_2017"
67,"Bahamas, The",BHS,2016,11928500000,"Bahamas, The_2016"
68,"Bahamas, The",BHS,2015,11710800000,"Bahamas, The_2015"
69,"Bahamas, The",BHS,2014,11111600000,"Bahamas, The_2014"
70,Bahrain,BHR,2018,37652500000,Bahrain_2018
71,Bahrain,BHR,2017,35473776596,Bahrain_2017
72,Bahrain,BHR,2016,32234973404,Bahrain_2016
73,Bahrain,BHR,2015,31050638298,Bahrain_2015
74,Bahrain,BHR,2014,33387712766,Bahrain_2014
75,Bangladesh,BGD,2018,274000000000,Bangladesh_2018
76,Bangladesh,BGD,2017,250000000000,Bangladesh_2017
77,Bangladesh,BGD,2016,221000000000,Bangladesh_2016
78,Bangladesh,BGD,2015,195000000000,Bangladesh_2015
79,Bangladesh,BGD,2014,173000000000,Bangladesh_2014
80,Barbados,BRB,2018,5086500000,Barbados_2018
81,Barbados,BRB,2017,4978000000,Barbados_2017
82,Barbados,BRB,2016,4830000000,Barbados_2016
83,Barbados,BRB,2015,4715000000,Barbados_2015
84,Barbados,BRB,2014,4696500000,Barbados_2014
85,Belarus,BLR,2018,60031262269,Belarus_2018
86,Belarus,BLR,2017,54726595249,Belarus_2017
87,Belarus,BLR,2016,47722657821,Belarus_2016
88,Belarus,BLR,2015,56454734397,Belarus_2015
89,Belarus,BLR,2014,78813839984,Belarus_2014
90,Belgium,BEL,2018,544000000000,Belgium_2018
91,Belgium,BEL,2017,503000000000,Belgium_2017
92,Belgium,BEL,2016,476000000000,Belgium_2016
93,Belgium,BEL,2015,462000000000,Belgium_2015
94,Belgium,BEL,2014,535000000000,Belgium_2014
95,Belize,BLZ,2018,1915899787,Belize_2018
96,Belize,BLZ,2017,1858529677,Belize_2017
97,Belize,BLZ,2016,1789304088,Belize_2016
98,Belize,BLZ,2015,1721700991,Belize_2015
99,Belize,BLZ,2014,1667335061,Belize_2014
100,Benin,BEN,2018,14250987026,Benin_2018
101,Benin,BEN,2017,12701655846,Benin_2017
102,Benin,BEN,2016,11821065852,Benin_2016
103,Benin,BEN,2015,11388160997,Benin_2015
104,Benin,BEN,2014,13284527850,Benin_2014
105,Bermuda,BMU,2018,7224329000,Bermuda_2018
106,Bermuda,BMU,2017,7142316000,Bermuda_2017
107,Bermuda,BMU,2016,6899911000,Bermuda_2016
108,Bermuda,BMU,2015,6654541000,Bermuda_2015
109,Bermuda,BMU,2014,6413988000,Bermuda_2014
110,Bhutan,BTN,2018,2446866405,Bhutan_2018
111,Bhutan,BTN,2017,2450364928,Bhutan_2017
112,Bhutan,BTN,2016,2158972129,Bhutan_2016
113,Bhutan,BTN,2015,2003598213,Bhutan_2015
114,Bhutan,BTN,2014,1907090813,Bhutan_2014
115,Bolivia,BOL,2018,40287647931,Bolivia_2018
116,Bolivia,BOL,2017,37508642171,Bolivia_2017
117,Bolivia,BOL,2016,33941126194,Bolivia_2016
118,Bolivia,BOL,2015,33000198249,Bolivia_2015
119,Bolivia,BOL,2014,32996188017,Bolivia_2014
120,Bosnia,BIH,2018,20183510561,Bosnia_2018
121,Bosnia,BIH,2017,18080118128,Bosnia_2017
122,Bosnia,BIH,2016,16913330694,Bosnia_2016
123,Bosnia,BIH,2015,16211541820,Bosnia_2015
124,Bosnia,BIH,2014,18558343508,Bosnia_2014
125,Botswana,BWA,2018,18663265549,Botswana_2018
126,Botswana,BWA,2017,17405588070,Botswana_2017
127,Botswana,BWA,2016,15646354089,Botswana_2016
128,Botswana,BWA,2015,14420593484,Botswana_2015
129,Botswana,BWA,2014,16250781587,Botswana_2014
130,Brazil,BRA,2018,1920000000000,Brazil_2018
131,Brazil,BRA,2017,2060000000000,Brazil_2017
132,Brazil,BRA,2016,1800000000000,Brazil_2016
133,Brazil,BRA,2015,1800000000000,Brazil_2015
134,Brazil,BRA,2014,2460000000000,Brazil_2014
135,Brunei,BRN,2018,13567351175,Brunei_2018
136,Brunei,BRN,2017,12128104859,Brunei_2017
137,Brunei,BRN,2016,11400854268,Brunei_2016
138,Brunei,BRN,2015,12930394938,Brunei_2015
139,Brunei,BRN,2014,17098342541,Brunei_2014
140,Bulgaria,BGR,2018,66230155100,Bulgaria_2018
141,Bulgaria,BGR,2017,58971520599,Bulgaria_2017
142,Bulgaria,BGR,2016,53806894796,Bulgaria_2016
143,Bulgaria,BGR,2015,50647442757,Bulgaria_2015
144,Bulgaria,BGR,2014,56901994980,Bulgaria_2014
145,Burkina Faso,BFA,2018,16059910871,Burkina Faso_2018
146,Burkina Faso,BFA,2017,14106956830,Burkina Faso_2017
147,Burkina Faso,BFA,2016,12833363370,Burkina Faso_2016
148,Burkina Faso,BFA,2015,11832159276,Burkina Faso_2015
149,Burkina Faso,BFA,2014,13943016924,Burkina Faso_2014
150,Burundi,BDI,2018,3036937141,Burundi_2018
151,Burundi,BDI,2017,3172292379,Burundi_2017
152,Burundi,BDI,2016,2959641047,Burundi_2016
153,Burundi,BDI,2015,3104394792,Burundi_2015
154,Burundi,BDI,2014,2705783330,Burundi_2014
155,Cabo Verde,CPV,2018,1966983316,Cabo Verde_2018
156,Cabo Verde,CPV,2017,1769787215,Cabo Verde_2017
157,Cabo Verde,CPV,2016,1662998678,Cabo Verde_2016
158,Cabo Verde,CPV,2015,1596800287,Cabo Verde_2015
159,Cabo Verde,CPV,2014,1859898513,Cabo Verde_2014
160,Cambodia,KHM,2018,24571753584,Cambodia_2018
161,Cambodia,KHM,2017,22177200512,Cambodia_2017
162,Cambodia,KHM,2016,20016747754,Cambodia_2016
163,Cambodia,KHM,2015,18049954289,Cambodia_2015
164,Cambodia,KHM,2014,16702610842,Cambodia_2014
165,Cameroon,CMR,2018,38694156863,Cameroon_2018
166,Cameroon,CMR,2017,35009262788,Cameroon_2017
167,Cameroon,CMR,2016,32643697596,Cameroon_2016
168,Cameroon,CMR,2015,30928653814,Cameroon_2015
169,Cameroon,CMR,2014,34989493826,Cameroon_2014
170,Canada,CAN,2018,1720000000000,Canada_2018
171,Canada,CAN,2017,1650000000000,Canada_2017
172,Canada,CAN,2016,1530000000000,Canada_2016
173,Canada,CAN,2015,1560000000000,Canada_2015
174,Canada,CAN,2014,1810000000000,Canada_2014
175,Cayman Islands,CYM,2018,5522625585,Cayman Islands_2018
176,Cayman Islands,CYM,2017,5166467299,Cayman Islands_2017
177,Cayman Islands,CYM,2016,4909498980,Cayman Islands_2016
178,Cayman Islands,CYM,2015,4708336733,Cayman Islands_2015
179,Cayman Islands,CYM,2014,4563017881,Cayman Islands_2014
180,Central African Republic,CAF,2018,2220979145,Central African Republic_2018
181,Central African Republic,CAF,2017,2072349974,Central African Republic_2017
182,Central African Republic,CAF,2016,1825018144,Central African Republic_2016
183,Central African Republic,CAF,2015,1695825714,Central African Republic_2015
184,Central African Republic,CAF,2014,1894813390,Central African Republic_2014
185,Chad,TCD,2018,11239167048,Chad_2018
186,Chad,TCD,2017,10000395242,Chad_2017
187,Chad,TCD,2016,10097778354,Chad_2016
188,Chad,TCD,2015,10950392220,Chad_2015
189,Chad,TCD,2014,13940768066,Chad_2014
190,Chile,CHL,2018,298000000000,Chile_2018
191,Chile,CHL,2017,277000000000,Chile_2017
192,Chile,CHL,2016,250000000000,Chile_2016
193,Chile,CHL,2015,244000000000,Chile_2015
194,Chile,CHL,2014,261000000000,Chile_2014
195,China,CHN,2018,13900000000000,China_2018
196,China,HKG,2017,12300000000000,China_2017
197,China,MAC,2016,11200000000000,China_2016
198,China,CHN,2015,11100000000000,China_2015
199,China,HKG,2014,10500000000000,China_2014
200,Colombia,COL,2018,334000000000,Colombia_2018
201,Colombia,COL,2017,312000000000,Colombia_2017
202,Colombia,COL,2016,283000000000,Colombia_2016
203,Colombia,COL,2015,293000000000,Colombia_2015
204,Colombia,COL,2014,381000000000,Colombia_2014
205,Comoros,COM,2018,1178530634,Comoros_2018
206,Comoros,COM,2017,1077439756,Comoros_2017
207,Comoros,COM,2016,1012835493,Comoros_2016
208,Comoros,COM,2015,966029600,Comoros_2015
209,Comoros,COM,2014,1149587660,Comoros_2014
210,Congo. Dem. Rep.,COD,2018,46831342213,Congo. Dem. Rep._2018
211,Congo. Dem. Rep.,COD,2017,38019265626,Congo. Dem. Rep._2017
212,Congo. Dem. Rep.,COD,2016,37134799975,Congo. Dem. Rep._2016
213,Congo. Dem. Rep.,COD,2015,37917704900,Congo. Dem. Rep._2015
214,Congo. Dem. Rep.,COD,2014,35909040266,Congo. Dem. Rep._2014
215,Costa Rica,CRI,2018,62335931464,Costa Rica_2018
216,Costa Rica,CRI,2017,60516043590,Costa Rica_2017
217,Costa Rica,CRI,2016,58847016045,Costa Rica_2016
218,Costa Rica,CRI,2015,56441917653,Costa Rica_2015
219,Costa Rica,CRI,2014,52016408951,Costa Rica_2014
220,Croatia,HRV,2018,61375222347,Croatia_2018
221,Croatia,HRV,2017,55481644098,Croatia_2017
222,Croatia,HRV,2016,51601147666,Croatia_2016
223,Croatia,HRV,2015,49525747504,Croatia_2015
224,Croatia,HRV,2014,57639588806,Croatia_2014
225,Cuba,CUB,2018,100000000000,Cuba_2018
226,Cuba,CUB,2017,96851000000,Cuba_2017
227,Cuba,CUB,2016,91370000000,Cuba_2016
228,Cuba,CUB,2015,87133000000,Cuba_2015
229,Cuba,CUB,2014,80656000000,Cuba_2014
230,Curacao,CUW,2018,3127908045,Curacao_2018
231,Curacao,CUW,2017,3116610112,Curacao_2017
232,Curacao,CUW,2016,3122287933,Curacao_2016
233,Curacao,CUW,2015,3151910782,Curacao_2015
234,Curacao,CUW,2014,3158406034,Curacao_2014
235,Cyprus,CYP,2018,25309818139,Cyprus_2018
236,Cyprus,CYP,2017,22729184365,Cyprus_2017
237,Cyprus,CYP,2016,20953442550,Cyprus_2016
238,Cyprus,CYP,2015,19842404305,Cyprus_2015
239,Cyprus,CYP,2014,23156850007,Cyprus_2014
240,Czech Republic,CZE,2018,249000000000,Czech Republic_2018
241,Czech Republic,CZE,2017,219000000000,Czech Republic_2017
242,Czech Republic,CZE,2016,196000000000,Czech Republic_2016
243,Czech Republic,CZE,2015,188000000000,Czech Republic_2015
244,Czech Republic,CZE,2014,209000000000,Czech Republic_2014
245,Denmark,DNK,2018,357000000000,Denmark_2018
246,Denmark,DNK,2017,332000000000,Denmark_2017
247,Denmark,DNK,2016,313000000000,Denmark_2016
248,Denmark,DNK,2015,303000000000,Denmark_2015
249,Denmark,DNK,2014,353000000000,Denmark_2014
250,Djibouti,DJI,2018,3012820410,Djibouti_2018
251,Djibouti,DJI,2017,2751461056,Djibouti_2017
252,Djibouti,DJI,2016,2603554907,Djibouti_2016
253,Djibouti,DJI,2015,2430287967,Djibouti_2015
254,Djibouti,DJI,2014,2214681574,Djibouti_2014
255,Dominica,DMA,2018,551074074,Dominica_2018
256,Dominica,DOM,2017,519837037,Dominica_2017
257,Dominica,DMA,2016,576229630,Dominica_2016
258,Dominica,DOM,2015,540737037,Dominica_2015
259,Dominica,DMA,2014,520207407,Dominica_2014
260,Dominican Republic,DOM,2018,85555378043,Dominican Republic_2018
261,Dominican Republic,DOM,2017,79997975622,Dominican Republic_2017
262,Dominican Republic,DOM,2016,75704720190,Dominican Republic_2016
263,Dominican Republic,DOM,2015,71164825257,Dominican Republic_2015
264,Dominican Republic,DOM,2014,67179914027,Dominican Republic_2014
265,Ecuador,ECU,2018,108000000000,Ecuador_2018
266,Ecuador,ECU,2017,104000000000,Ecuador_2017
267,Ecuador,ECU,2016,99937696000,Ecuador_2016
268,Ecuador,ECU,2015,99290381000,Ecuador_2015
269,Ecuador,ECU,2014,102000000000,Ecuador_2014
270,"Egypt, Arab Rep.",EGY,2018,250000000000,"Egypt, Arab Rep._2018"
271,"Egypt, Arab Rep.",EGY,2017,236000000000,"Egypt, Arab Rep._2017"
272,"Egypt, Arab Rep.",EGY,2016,332000000000,"Egypt, Arab Rep._2016"
273,"Egypt, Arab Rep.",EGY,2015,329000000000,"Egypt, Arab Rep._2015"
274,"Egypt, Arab Rep.",EGY,2014,306000000000,"Egypt, Arab Rep._2014"
275,El Salvador,SLV,2018,26020850000,El Salvador_2018
276,El Salvador,SLV,2017,24979200000,El Salvador_2017
277,El Salvador,SLV,2016,24191430000,El Salvador_2016
278,El Salvador,SLV,2015,23438240000,El Salvador_2015
279,El Salvador,SLV,2014,22593460000,El Salvador_2014
280,Equatorial Guinea,GNQ,2018,13097012189,Equatorial Guinea_2018
281,Equatorial Guinea,GNQ,2017,12200913888,Equatorial Guinea_2017
282,Equatorial Guinea,GNQ,2016,11240808847,Equatorial Guinea_2016
283,Equatorial Guinea,GNQ,2015,13185496881,Equatorial Guinea_2015
284,Equatorial Guinea,GNQ,2014,21765453087,Equatorial Guinea_2014
285,Estonia,EST,2018,30631142227,Estonia_2018
286,Estonia,EST,2017,26951648829,Estonia_2017
287,Estonia,EST,2016,24276032336,Estonia_2016
288,Estonia,EST,2015,23058135438,Estonia_2015
289,Estonia,EST,2014,26809132542,Estonia_2014
290,Eswatini,SWZ,2018,4665424249,Eswatini_2018
291,Eswatini,SWZ,2017,4402973000,Eswatini_2017
292,Eswatini,SWZ,2016,3816018485,Eswatini_2016
293,Eswatini,SWZ,2015,4062660890,Eswatini_2015
294,Eswatini,SWZ,2014,4422304975,Eswatini_2014
295,Ethiopia,ETH,2018,84269348327,Ethiopia_2018
296,Ethiopia,ETH,2017,81770791971,Ethiopia_2017
297,Ethiopia,ETH,2016,74296618481,Ethiopia_2016
298,Ethiopia,ETH,2015,64589334979,Ethiopia_2015
299,Ethiopia,ETH,2014,55612228234,Ethiopia_2014
300,Faroe Islands,FRO,2018,3051341336,Faroe Islands_2018
301,Faroe Islands,FRO,2017,2899226098,Faroe Islands_2017
302,Faroe Islands,FRO,2016,2738832687,Faroe Islands_2016
303,Faroe Islands,FRO,2015,2518096286,Faroe Islands_2015
304,Faroe Islands,FRO,2014,2850743875,Faroe Islands_2014
305,Fiji,FJI,2018,5581393121,Fiji_2018
306,Fiji,FJI,2017,5353404422,Fiji_2017
307,Fiji,FJI,2016,4930204230,Fiji_2016
308,Fiji,FJI,2015,4682546863,Fiji_2015
309,Fiji,FJI,2014,4856963230,Fiji_2014
310,Finland,FIN,2018,276000000000,Finland_2018
311,Finland,FIN,2017,256000000000,Finland_2017
312,Finland,FIN,2016,241000000000,Finland_2016
313,Finland,FIN,2015,235000000000,Finland_2015
314,Finland,FIN,2014,275000000000,Finland_2014
315,France,FRA,2018,2790000000000,France_2018
316,France,FRA,2017,2600000000000,France_2017
317,France,FRA,2016,2470000000000,France_2016
318,France,FRA,2015,2440000000000,France_2015
319,France,FRA,2014,2860000000000,France_2014
320,Gabon,GAB,2018,16862282414,Gabon_2018
321,Gabon,GAB,2017,14929488771,Gabon_2017
322,Gabon,GAB,2016,14023890620,Gabon_2016
323,Gabon,GAB,2015,14383107714,Gabon_2015
324,Gabon,GAB,2014,18203968002,Gabon_2014
325,"Gambia, The",GMB,2018,1670670669,"Gambia, The_2018"
326,"Gambia, The",GMB,2017,1504909753,"Gambia, The_2017"
327,"Gambia, The",GMB,2016,1484579844,"Gambia, The_2016"
328,"Gambia, The",GMB,2015,1378176868,"Gambia, The_2015"
329,"Gambia, The",GMB,2014,1229460602,"Gambia, The_2014"
330,Georgia,GEO,2018,17599700091,Georgia_2018
331,Georgia,GEO,2017,16242916916,Georgia_2017
332,Georgia,GEO,2016,15141758567,Georgia_2016
333,Georgia,GEO,2015,14953950557,Georgia_2015
334,Georgia,GEO,2014,17627003455,Georgia_2014
335,Germany,DEU,2018,3960000000000,Germany_2018
336,Germany,DEU,2017,3680000000000,Germany_2017
337,Germany,DEU,2016,3470000000000,Germany_2016
338,Germany,DEU,2015,3360000000000,Germany_2015
339,Germany,DEU,2014,3890000000000,Germany_2014
340,Ghana,GHA,2018,65315955123,Ghana_2018
341,Ghana,GHA,2017,58845211998,Ghana_2017
342,Ghana,GHA,2016,54499451834,Ghana_2016
343,Ghana,GHA,2015,47498906692,Ghana_2015
344,Ghana,GHA,2014,51717482624,Ghana_2014
345,Greece,GRC,2018,212000000000,Greece_2018
346,Greece,GRC,2017,200000000000,Greece_2017
347,Greece,GRC,2016,193000000000,Greece_2016
348,Greece,GRC,2015,195000000000,Greece_2015
349,Greece,GRC,2014,236000000000,Greece_2014
350,Greenland,GRL,2018,3051626390,Greenland_2018
351,Greenland,GRL,2017,2826651926,Greenland_2017
352,Greenland,GRL,2016,2707146783,Greenland_2016
353,Greenland,GRL,2015,2499115623,Greenland_2015
354,Greenland,GRL,2014,2842048998,Greenland_2014
355,Grenada,GRD,2018,1168696296,Grenada_2018
356,Grenada,GRD,2017,1125685185,Grenada_2017
357,Grenada,GRD,2016,1061631222,Grenada_2016
358,Grenada,GRD,2015,997007926,Grenada_2015
359,Grenada,GRD,2014,911497407,Grenada_2014
360,Guam,GUM,2018,6051000000,Guam_2018
361,Guam,GUM,2017,6013000000,Guam_2017
362,Guam,GUM,2016,5901000000,Guam_2016
363,Guam,GUM,2015,5799000000,Guam_2015
364,Guam,GUM,2014,5610000000,Guam_2014
365,Guatemala,GTM,2018,73208583759,Guatemala_2018
366,Guatemala,GTM,2017,71654134379,Guatemala_2017
367,Guatemala,GTM,2016,66053725049,Guatemala_2016
368,Guatemala,GTM,2015,62186186576,Guatemala_2015
369,Guatemala,GTM,2014,57852399964,Guatemala_2014
370,Guinea,PNG,2018,11857030337,Guinea_2018
371,Guinea,GIN,2017,10324668267,Guinea_2017
372,Guinea,GNB,2016,8595955581,Guinea_2016
373,Guinea,GNQ,2015,8794202444,Guinea_2015
374,Guinea,PNG,2014,8778473615,Guinea_2014
375,Guinea-Bissau,GNB,2018,1504630121,Guinea-Bissau_2018
376,Guinea-Bissau,GNB,2017,1350177128,Guinea-Bissau_2017
377,Guinea-Bissau,GNB,2016,1179004941,Guinea-Bissau_2016
378,Guinea-Bissau,GNB,2015,1048229629,Guinea-Bissau_2015
379,Guinea-Bissau,GNB,2014,1054915645,Guinea-Bissau_2014
380,Guyana,GUY,2018,4787635821,Guyana_2018
381,Guyana,GUY,2017,4748174334,Guyana_2017
382,Guyana,GUY,2016,4482697337,Guyana_2016
383,Guyana,GUY,2015,4279840362,Guyana_2015
384,Guyana,GUY,2014,4127664336,Guyana_2014
385,Haiti,HTI,2018,15965670198,Haiti_2018
386,Haiti,HTI,2017,14213814583,Haiti_2017
387,Haiti,HTI,2016,13723267961,Haiti_2016
388,Haiti,HTI,2015,14857386164,Haiti_2015
389,Haiti,HTI,2014,14790765760,Haiti_2014
390,Honduras,HND,2018,24067778954,Honduras_2018
391,Honduras,HND,2017,23136232230,Honduras_2017
392,Honduras,HND,2016,21717622071,Honduras_2016
393,Honduras,HND,2015,20979767785,Honduras_2015
394,Honduras,HND,2014,19756494435,Honduras_2014
395,"Hong Kong, China",HKG,2018,362000000000,"Hong Kong, China_2018"
396,"Hong Kong, China",HKG,2017,341000000000,"Hong Kong, China_2017"
397,"Hong Kong, China",HKG,2016,321000000000,"Hong Kong, China_2016"
398,"Hong Kong, China",HKG,2015,309000000000,"Hong Kong, China_2015"
399,"Hong Kong, China",HKG,2014,291000000000,"Hong Kong, China_2014"
400,Hungary,HUN,2018,160000000000,Hungary_2018
401,Hungary,HUN,2017,143000000000,Hungary_2017
402,Hungary,HUN,2016,128000000000,Hungary_2016
403,Hungary,HUN,2015,125000000000,Hungary_2015
404,Hungary,HUN,2014,141000000000,Hungary_2014
405,Iceland,ISL,2018,26224228693,Iceland_2018
406,Iceland,ISL,2017,24728285177,Iceland_2017
407,Iceland,ISL,2016,20793168031,Iceland_2016
408,Iceland,ISL,2015,17517210519,Iceland_2015
409,Iceland,ISL,2014,17867662178,Iceland_2014
410,India,IND,2018,2700000000000,India_2018
411,India,IND,2017,2650000000000,India_2017
412,India,IND,2016,2290000000000,India_2016
413,India,IND,2015,2100000000000,India_2015
414,India,IND,2014,2040000000000,India_2014
415,Indonesia,IDN,2018,1040000000000,Indonesia_2018
416,Indonesia,IDN,2017,1020000000000,Indonesia_2017
417,Indonesia,IDN,2016,932000000000,Indonesia_2016
418,Indonesia,IDN,2015,861000000000,Indonesia_2015
419,Indonesia,IDN,2014,891000000000,Indonesia_2014
420,"Iran, Islamic Rep.",IRN,2018,294000000000,"Iran, Islamic Rep._2018"
421,"Iran, Islamic Rep.",IRN,2017,445000000000,"Iran, Islamic Rep._2017"
422,"Iran, Islamic Rep.",IRN,2016,418000000000,"Iran, Islamic Rep._2016"
423,"Iran, Islamic Rep.",IRN,2015,385000000000,"Iran, Islamic Rep._2015"
424,"Iran, Islamic Rep.",IRN,2014,433000000000,"Iran, Islamic Rep._2014"
425,Iraq,IRQ,2018,212000000000,Iraq_2018
426,Iraq,IRQ,2017,191000000000,Iraq_2017
427,Iraq,IRQ,2016,167000000000,Iraq_2016
428,Iraq,IRQ,2015,167000000000,Iraq_2015
429,Iraq,IRQ,2014,228000000000,Iraq_2014
430,Ireland,IRL,2018,386000000000,Ireland_2018
431,Ireland,IRL,2017,339000000000,Ireland_2017
432,Ireland,IRL,2016,300000000000,Ireland_2016
433,Ireland,IRL,2015,292000000000,Ireland_2015
434,Ireland,IRL,2014,259000000000,Ireland_2014
435,Isle Of Man,IMN,2018,7491969313,Isle Of Man_2018
436,Isle Of Man,IMN,2017,6979581725,Isle Of Man_2017
437,Isle Of Man,IMN,2016,6846691871,Isle Of Man_2016
438,Isle Of Man,IMN,2015,7085288006,Isle Of Man_2015
439,Isle Of Man,IMN,2014,7708834951,Isle Of Man_2014
440,Israel,ISR,2018,370000000000,Israel_2018
441,Israel,ISR,2017,353000000000,Israel_2017
442,Israel,ISR,2016,319000000000,Israel_2016
443,Israel,ISR,2015,300000000000,Israel_2015
444,Israel,ISR,2014,310000000000,Israel_2014
445,Italy,ITA,2018,2090000000000,Italy_2018
446,Italy,ITA,2017,1960000000000,Italy_2017
447,Italy,ITA,2016,1880000000000,Italy_2016
448,Italy,ITA,2015,1840000000000,Italy_2015
449,Italy,ITA,2014,2160000000000,Italy_2014
450,Jamaica,JAM,2018,15730793853,Jamaica_2018
451,Jamaica,JAM,2017,14808989993,Jamaica_2017
452,Jamaica,JAM,2016,14077109397,Jamaica_2016
453,Jamaica,JAM,2015,14188935948,Jamaica_2015
454,Jamaica,JAM,2014,13899228824,Jamaica_2014
455,Japan,JPN,2018,4950000000000,Japan_2018
456,Japan,JPN,2017,4870000000000,Japan_2017
457,Japan,JPN,2016,4920000000000,Japan_2016
458,Japan,JPN,2015,4390000000000,Japan_2015
459,Japan,JPN,2014,4850000000000,Japan_2014
460,Jordan,JOR,2018,42932112676,Jordan_2018
461,Jordan,JOR,2017,41408960845,Jordan_2017
462,Jordan,JOR,2016,39892551127,Jordan_2016
463,Jordan,JOR,2015,38587017887,Jordan_2015
464,Jordan,JOR,2014,36847643521,Jordan_2014
465,Kazakhstan,KAZ,2018,179000000000,Kazakhstan_2018
466,Kazakhstan,KAZ,2017,167000000000,Kazakhstan_2017
467,Kazakhstan,KAZ,2016,137000000000,Kazakhstan_2016
468,Kazakhstan,KAZ,2015,184000000000,Kazakhstan_2015
469,Kazakhstan,KAZ,2014,221000000000,Kazakhstan_2014
470,Kenya,KEN,2018,87778582964,Kenya_2018
471,Kenya,KEN,2017,78965004656,Kenya_2017
472,Kenya,KEN,2016,69188755364,Kenya_2016
473,Kenya,KEN,2015,64007750169,Kenya_2015
474,Kenya,KEN,2014,61448046802,Kenya_2014
475,Kiribati,KIR,2018,196737896,Kiribati_2018
476,Kiribati,KIR,2017,187276211,Kiribati_2017
477,Kiribati,KIR,2016,178328873,Kiribati_2016
478,Kiribati,KIR,2015,171117872,Kiribati_2015
479,Kiribati,KIR,2014,179703443,Kiribati_2014
480,Kosovo,XKX,2018,7942961738,Kosovo_2018
481,Kosovo,XKX,2017,7245707185,Kosovo_2017
482,Kosovo,XKX,2016,6719172017,Kosovo_2016
483,Kosovo,XKX,2015,6442915788,Kosovo_2015
484,Kosovo,XKX,2014,7396705195,Kosovo_2014
485,Kuwait,KWT,2018,138000000000,Kuwait_2018
486,Kuwait,KWT,2017,121000000000,Kuwait_2017
487,Kuwait,KWT,2016,109000000000,Kuwait_2016
488,Kuwait,KWT,2015,115000000000,Kuwait_2015
489,Kuwait,KWT,2014,163000000000,Kuwait_2014
490,Kyrgyz Republic,KGZ,2018,8271106196,Kyrgyz Republic_2018
491,Kyrgyz Republic,KGZ,2017,7702934800,Kyrgyz Republic_2017
492,Kyrgyz Republic,KGZ,2016,6813092066,Kyrgyz Republic_2016
493,Kyrgyz Republic,KGZ,2015,6678178340,Kyrgyz Republic_2015
494,Kyrgyz Republic,KGZ,2014,7468096567,Kyrgyz Republic_2014
495,Lao PDR,LAO,2018,17953786416,Lao PDR_2018
496,Lao PDR,LAO,2017,16853087485,Lao PDR_2017
497,Lao PDR,LAO,2016,15805692546,Lao PDR_2016
498,Lao PDR,LAO,2015,14390442307,Lao PDR_2015
499,Lao PDR,LAO,2014,13268458232,Lao PDR_2014
500,Latvia,LVA,2018,34416012859,Latvia_2018
501,Latvia,LVA,2017,30458763246,Latvia_2017
502,Latvia,LVA,2016,28071381730,Latvia_2016
503,Latvia,LVA,2015,27250610746,Latvia_2015
504,Latvia,LVA,2014,31371093970,Latvia_2014
505,Lebanon,LBN,2018,54961275742,Lebanon_2018
506,Lebanon,LBN,2017,53140638269,Lebanon_2017
507,Lebanon,LBN,2016,51205122504,Lebanon_2016
508,Lebanon,LBN,2015,49939374833,Lebanon_2015
509,Lebanon,LBN,2014,48134486625,Lebanon_2014
510,Lesotho,LSO,2018,2514146888,Lesotho_2018
511,Lesotho,LSO,2017,2306843529,Lesotho_2017
512,Lesotho,LSO,2016,2114323794,Lesotho_2016
513,Lesotho,LSO,2015,2359759799,Lesotho_2015
514,Lesotho,LSO,2014,2441053176,Lesotho_2014
515,Liberia,LBR,2018,3264000000,Liberia_2018
516,Liberia,LBR,2017,3285455000,Liberia_2017
517,Liberia,LBR,2016,3277826000,Liberia_2016
518,Liberia,LBR,2015,3177000000,Liberia_2015
519,Liberia,LBR,2014,3144000000,Liberia_2014
520,Libya,LBY,2018,52607888718,Libya_2018
521,Libya,LBY,2017,37883243650,Libya_2017
522,Libya,LBY,2016,26197143268,Libya_2016
523,Libya,LBY,2015,27842131480,Libya_2015
524,Libya,LBY,2014,41142722414,Libya_2014
525,Liechtenstein,LIE,2018,6839145107,Liechtenstein_2018
526,Liechtenstein,LIE,2017,6474256119,Liechtenstein_2017
527,Liechtenstein,LIE,2016,6237264055,Liechtenstein_2016
528,Liechtenstein,LIE,2015,6268391521,Liechtenstein_2015
529,Liechtenstein,LIE,2014,6657170923,Liechtenstein_2014
530,Lithuania,LTU,2018,53722883091,Lithuania_2018
531,Lithuania,LTU,2017,47758736932,Lithuania_2017
532,Lithuania,LTU,2016,43047309306,Lithuania_2016
533,Lithuania,LTU,2015,41435533340,Lithuania_2015
534,Lithuania,LTU,2014,14068156841,Lithuania_2014
535,Luxembourg,LUX,2018,70919958016,Luxembourg_2018
536,Luxembourg,LUX,2017,64181944723,Luxembourg_2017
537,Luxembourg,LUX,2016,60732711001,Luxembourg_2016
538,Luxembourg,LUX,2015,57767685137,Luxembourg_2015
539,Luxembourg,LUX,2014,66191895299,Luxembourg_2014
540,"Macao, China",MAC,2018,55302446578,"Macao, China_2018"
541,"Macao, China",MAC,2017,50456765512,"Macao, China_2017"
542,"Macao, China",MAC,2016,45085114633,"Macao, China_2016"
543,"Macao, China",MAC,2015,45060237946,"Macao, China_2015"
544,"Macao, China",MAC,2014,54903031138,"Macao, China_2014"
545,Madagascar,MDG,2018,13614412551,Madagascar_2018
546,Madagascar,MDG,2017,13176313233,Madagascar_2017
547,Madagascar,MDG,2016,11848615018,Madagascar_2016
548,Madagascar,MDG,2015,11323023787,Madagascar_2015
549,Madagascar,MDG,2014,12522959157,Madagascar_2014
550,Malawi,MWI,2018,9712994565,Malawi_2018
551,Malawi,MWI,2017,8787570920,Malawi_2017
552,Malawi,MWI,2016,5433040160,Malawi_2016
553,Malawi,MWI,2015,6373212641,Malawi_2015
554,Malawi,MWI,2014,6047813437,Malawi_2014
555,Malaysia,MYS,2018,359000000000,Malaysia_2018
556,Malaysia,MYS,2017,319000000000,Malaysia_2017
557,Malaysia,MYS,2016,301000000000,Malaysia_2016
558,Malaysia,MYS,2015,301000000000,Malaysia_2015
559,Malaysia,MYS,2014,338000000000,Malaysia_2014
560,Maldives,MDV,2018,5299773144,Maldives_2018
561,Maldives,MDV,2017,4754352304,Maldives_2017
562,Maldives,MDV,2016,4379115588,Maldives_2016
563,Maldives,MDV,2015,4109447297,Maldives_2015
564,Maldives,MDV,2014,3697351597,Maldives_2014
565,Mali,MLI,2018,17070866299,Mali_2018
566,Mali,MLI,2017,15365714371,Mali_2017
567,Mali,MLI,2016,14026048691,Mali_2016
568,Mali,MLI,2015,13104764334,Mali_2015
569,Mali,MLI,2014,14364937997,Mali_2014
570,Malta,MLT,2018,14864712990,Malta_2018
571,Malta,MLT,2017,13221298308,Malta_2017
572,Malta,MLT,2016,11721521913,Malta_2016
573,Malta,MLT,2015,11091434484,Malta_2015
574,Malta,MLT,2014,11626281387,Malta_2014
575,Marshall Islands,MHL,2018,221588900,Marshall Islands_2018
576,Marshall Islands,MHL,2017,213204100,Marshall Islands_2017
577,Marshall Islands,MHL,2016,201510900,Marshall Islands_2016
578,Marshall Islands,MHL,2015,183814300,Marshall Islands_2015
579,Marshall Islands,MHL,2014,182142800,Marshall Islands_2014
580,Mauritania,MRT,2018,7050987978,Mauritania_2018
581,Mauritania,MRT,2017,6757333550,Mauritania_2017
582,Mauritania,MRT,2016,6398744505,Mauritania_2016
583,Mauritania,MRT,2015,6166857629,Mauritania_2015
584,Mauritania,MRT,2014,6592537782,Mauritania_2014
585,Mauritius,MUS,2018,14181930162,Mauritius_2018
586,Mauritius,MUS,2017,13259348214,Mauritius_2017
587,Mauritius,MUS,2016,12232469392,Mauritius_2016
588,Mauritius,MUS,2015,11692287066,Mauritius_2015
589,Mauritius,MUS,2014,12803438965,Mauritius_2014
590,Mexico,MEX,2018,1220000000000,Mexico_2018
591,Mexico,MEX,2017,1160000000000,Mexico_2017
592,Mexico,MEX,2016,1080000000000,Mexico_2016
593,Mexico,MEX,2015,1170000000000,Mexico_2015
594,Mexico,MEX,2014,1320000000000,Mexico_2014
595,Micronesia Fed. Sts.,FSM,2018,401932300,Micronesia Fed. Sts._2018
596,Micronesia Fed. Sts.,FSM,2017,366666800,Micronesia Fed. Sts._2017
597,Micronesia Fed. Sts.,FSM,2016,332265200,Micronesia Fed. Sts._2016
598,Micronesia Fed. Sts.,FSM,2015,316489900,Micronesia Fed. Sts._2015
599,Micronesia Fed. Sts.,FSM,2014,319271200,Micronesia Fed. Sts._2014
600,Moldova,MDA,2018,11456728401,Moldova_2018
601,Moldova,MDA,2017,9669759987,Moldova_2017
602,Moldova,MDA,2016,8071480541,Moldova_2016
603,Moldova,MDA,2015,7745231660,Moldova_2015
604,Moldova,MDA,2014,9510219299,Moldova_2014
605,Monaco,MCO,2018,7194024563,Monaco_2018
606,Monaco,MCO,2017,6431314957,Monaco_2017
607,Monaco,MCO,2016,6472990923,Monaco_2016
608,Monaco,MCO,2015,6261622101,Monaco_2015
609,Monaco,MCO,2014,7069616049,Monaco_2014
610,Mongolia,MNG,2018,13108769496,Mongolia_2018
611,Mongolia,MNG,2017,11425755280,Mongolia_2017
612,Mongolia,MNG,2016,11186734674,Mongolia_2016
613,Mongolia,MNG,2015,11749620620,Mongolia_2015
614,Mongolia,MNG,2014,12226514722,Mongolia_2014
615,Montenegro,MNE,2018,5506767832,Montenegro_2018
616,Montenegro,MNE,2017,4856632399,Montenegro_2017
617,Montenegro,MNE,2016,4377033429,Montenegro_2016
618,Montenegro,MNE,2015,4054712083,Montenegro_2015
619,Montenegro,MNE,2014,4594024180,Montenegro_2014
620,Morocco,MAR,2018,118000000000,Morocco_2018
621,Morocco,MAR,2017,110000000000,Morocco_2017
622,Morocco,MAR,2016,103000000000,Morocco_2016
623,Morocco,MAR,2015,101000000000,Morocco_2015
624,Morocco,MAR,2014,110000000000,Morocco_2014
625,Mozambique,MOZ,2018,14845870051,Mozambique_2018
626,Mozambique,MOZ,2017,13219084261,Mozambique_2017
627,Mozambique,MOZ,2016,11936999283,Mozambique_2016
628,Mozambique,MOZ,2015,15950969019,Mozambique_2015
629,Mozambique,MOZ,2014,17716084108,Mozambique_2014
630,Myanmar,MMR,2018,68697759361,Myanmar_2018
631,Myanmar,MMR,2017,67144725831,Myanmar_2017
632,Myanmar,MMR,2016,61449392056,Myanmar_2016
633,Myanmar,MMR,2015,60291736894,Myanmar_2015
634,Myanmar,MMR,2014,59640204522,Myanmar_2014
635,Namibia,NAM,2018,13681065175,Namibia_2018
636,Namibia,NAM,2017,12895153157,Namibia_2017
637,Namibia,NAM,2016,10721994676,Namibia_2016
638,Namibia,NAM,2015,11335179561,Namibia_2015
639,Namibia,NAM,2014,12435416063,Namibia_2014
640,Nauru,NRU,2018,124021394,Nauru_2018
641,Nauru,NRU,2017,109585942,Nauru_2017
642,Nauru,NRU,2016,100087349,Nauru_2016
643,Nauru,NRU,2015,86779266,Nauru_2015
644,Nauru,NRU,2014,104654365,Nauru_2014
645,Nepal,NPL,2018,33111525183,Nepal_2018
646,Nepal,NPL,2017,28971589213,Nepal_2017
647,Nepal,NPL,2016,24524098184,Nepal_2016
648,Nepal,NPL,2015,24360795410,Nepal_2015
649,Nepal,NPL,2014,22731602970,Nepal_2014
650,Netherlands,NLD,2018,914000000000,Netherlands_2018
651,Netherlands,NLD,2017,834000000000,Netherlands_2017
652,Netherlands,NLD,2016,784000000000,Netherlands_2016
653,Netherlands,NLD,2015,766000000000,Netherlands_2015
654,Netherlands,NLD,2014,892000000000,Netherlands_2014
655,New Zealand,NZL,2018,209000000000,New Zealand_2018
656,New Zealand,NZL,2017,208000000000,New Zealand_2017
657,New Zealand,NZL,2016,192000000000,New Zealand_2016
658,New Zealand,NZL,2015,173000000000,New Zealand_2015
659,New Zealand,NZL,2014,196000000000,New Zealand_2014
660,Nicaragua,NIC,2018,13025208220,Nicaragua_2018
661,Nicaragua,NIC,2017,13785909906,Nicaragua_2017
662,Nicaragua,NIC,2016,13286083645,Nicaragua_2016
663,Nicaragua,NIC,2015,12756706583,Nicaragua_2015
664,Nicaragua,NIC,2014,11880434071,Nicaragua_2014
665,Niger,NER,2018,12846952857,Niger_2018
666,Niger,NGA,2017,11189541083,Niger_2017
667,Niger,NER,2016,10355006770,Niger_2016
668,Niger,NGA,2015,9685577941,Niger_2015
669,Niger,NER,2014,10862944204,Niger_2014
670,Nigeria,NGA,2018,397000000000,Nigeria_2018
671,Nigeria,NGA,2017,376000000000,Nigeria_2017
672,Nigeria,NGA,2016,405000000000,Nigeria_2016
673,Nigeria,NGA,2015,487000000000,Nigeria_2015
674,Nigeria,NGA,2014,547000000000,Nigeria_2014
675,North Macedonia,MKD,2018,12679934731,North Macedonia_2018
676,North Macedonia,MKD,2017,11310265325,North Macedonia_2017
677,North Macedonia,MKD,2016,10680463279,North Macedonia_2016
678,North Macedonia,MKD,2015,10071243243,North Macedonia_2015
679,North Macedonia,MKD,2014,11361563307,North Macedonia_2014
680,Northern Mariana Islands,MNP,2018,1302000000,Northern Mariana Islands_2018
681,Northern Mariana Islands,MNP,2017,1560000000,Northern Mariana Islands_2017
682,Northern Mariana Islands,MNP,2016,1230000000,Northern Mariana Islands_2016
683,Northern Mariana Islands,MNP,2015,910000000,Northern Mariana Islands_2015
684,Northern Mariana Islands,MNP,2014,832000000,Northern Mariana Islands_2014
685,Norway,NOR,2018,437000000000,Norway_2018
686,Norway,NOR,2017,398000000000,Norway_2017
687,Norway,NOR,2016,369000000000,Norway_2016
688,Norway,NOR,2015,386000000000,Norway_2015
689,Norway,NOR,2014,498000000000,Norway_2014
690,Oman,OMN,2018,79788768969,Oman_2018
691,Oman,OMN,2017,70585606844,Oman_2017
692,Oman,OMN,2016,65441278668,Oman_2016
693,Oman,OMN,2015,68420257567,Oman_2015
694,Oman,OMN,2014,80686929102,Oman_2014
695,Pakistan,PAK,2018,315000000000,Pakistan_2018
696,Pakistan,PAK,2017,305000000000,Pakistan_2017
697,Pakistan,PAK,2016,279000000000,Pakistan_2016
698,Pakistan,PAK,2015,271000000000,Pakistan_2015
699,Pakistan,PAK,2014,244000000000,Pakistan_2014
700,Palau,PLW,2018,280435700,Palau_2018
701,Palau,PLW,2017,286106800,Palau_2017
702,Palau,PLW,2016,295065400,Palau_2016
703,Palau,PLW,2015,280457700,Palau_2015
704,Palau,PLW,2014,241669800,Palau_2014
705,Panama,PAN,2018,64928300000,Panama_2018
706,Panama,PAN,2017,62202700000,Panama_2017
707,Panama,PAN,2016,57907700000,Panama_2016
708,Panama,PAN,2015,54091800000,Panama_2015
709,Panama,PAN,2014,49921400000,Panama_2014
710,Papua New Guinea,PNG,2018,24109509853,Papua New Guinea_2018
711,Papua New Guinea,PNG,2017,22742613554,Papua New Guinea_2017
712,Papua New Guinea,PNG,2016,20759069103,Papua New Guinea_2016
713,Papua New Guinea,PNG,2015,21723531173,Papua New Guinea_2015
714,Papua New Guinea,PNG,2014,23210682538,Papua New Guinea_2014
715,Paraguay,PRY,2018,40225448341,Paraguay_2018
716,Paraguay,PRY,2017,38997129474,Paraguay_2017
717,Paraguay,PRY,2016,36089550659,Paraguay_2016
718,Paraguay,PRY,2015,36211372703,Paraguay_2015
719,Paraguay,PRY,2014,40377987209,Paraguay_2014
720,Peru,PER,2018,223000000000,Peru_2018
721,Peru,PER,2017,211000000000,Peru_2017
722,Peru,PER,2016,192000000000,Peru_2016
723,Peru,PER,2015,190000000000,Peru_2015
724,Peru,PER,2014,201000000000,Peru_2014
725,Philippines,PHL,2018,347000000000,Philippines_2018
726,Philippines,PHL,2017,328000000000,Philippines_2017
727,Philippines,PHL,2016,319000000000,Philippines_2016
728,Philippines,PHL,2015,306000000000,Philippines_2015
729,Philippines,PHL,2014,297000000000,Philippines_2014
730,Poland,POL,2018,587000000000,Poland_2018
731,Poland,POL,2017,527000000000,Poland_2017
732,Poland,POL,2016,473000000000,Poland_2016
733,Poland,POL,2015,478000000000,Poland_2015
734,Poland,POL,2014,542000000000,Poland_2014
735,Portugal,PRT,2018,242000000000,Portugal_2018
736,Portugal,PRT,2017,221000000000,Portugal_2017
737,Portugal,PRT,2016,206000000000,Portugal_2016
738,Portugal,PRT,2015,199000000000,Portugal_2015
739,Portugal,PRT,2014,230000000000,Portugal_2014
740,Puerto Rico,PRI,2018,101000000000,Puerto Rico_2018
741,Puerto Rico,PRI,2017,103000000000,Puerto Rico_2017
742,Puerto Rico,PRI,2016,104000000000,Puerto Rico_2016
743,Puerto Rico,PRI,2015,103000000000,Puerto Rico_2015
744,Puerto Rico,PRI,2014,102000000000,Puerto Rico_2014
745,Qatar,QAT,2018,183000000000,Qatar_2018
746,Qatar,QAT,2017,161000000000,Qatar_2017
747,Qatar,QAT,2016,152000000000,Qatar_2016
748,Qatar,QAT,2015,162000000000,Qatar_2015
749,Qatar,QAT,2014,206000000000,Qatar_2014
750,Romania,ROU,2018,241000000000,Romania_2018
751,Romania,ROU,2017,212000000000,Romania_2017
752,Romania,ROU,2016,188000000000,Romania_2016
753,Romania,ROU,2015,178000000000,Romania_2015
754,Romania,ROU,2014,200000000000,Romania_2014
755,Russia,RUS,2018,1660000000000,Russia_2018
756,Russia,RUS,2017,1570000000000,Russia_2017
757,Russia,RUS,2016,1280000000000,Russia_2016
758,Russia,RUS,2015,1360000000000,Russia_2015
759,Russia,RUS,2014,2060000000000,Russia_2014
760,Rwanda,RWA,2018,9640280084,Rwanda_2018
761,Rwanda,RWA,2017,9253098954,Rwanda_2017
762,Rwanda,RWA,2016,8690485823,Rwanda_2016
763,Rwanda,RWA,2015,8539048448,Rwanda_2015
764,Rwanda,RWA,2014,8241332517,Rwanda_2014
765,Samoa,WSM,2018,821496065,Samoa_2018
766,Samoa,ASM,2017,832153613,Samoa_2017
767,Samoa,WSM,2016,799376440,Samoa_2016
768,Samoa,ASM,2015,788307331,Samoa_2015
769,Samoa,WSM,2014,756919917,Samoa_2014
770,San Marino,SMR,2018,1655300873,San Marino_2018
771,San Marino,SMR,2017,1528630707,San Marino_2017
772,San Marino,SMR,2016,1468377272,San Marino_2016
773,San Marino,SMR,2015,1419394771,San Marino_2015
774,San Marino,SMR,2014,1673973695,San Marino_2014
775,Sao Tome And Principe,STP,2018,412253810,Sao Tome And Principe_2018
776,Sao Tome And Principe,STP,2017,375614126,Sao Tome And Principe_2017
777,Sao Tome And Principe,STP,2016,345495615,Sao Tome And Principe_2016
778,Sao Tome And Principe,STP,2015,316066072,Sao Tome And Principe_2015
779,Sao Tome And Principe,STP,2014,346528329,Sao Tome And Principe_2014
780,Saudi Arabia,SAU,2018,787000000000,Saudi Arabia_2018
781,Saudi Arabia,SAU,2017,689000000000,Saudi Arabia_2017
782,Saudi Arabia,SAU,2016,645000000000,Saudi Arabia_2016
783,Saudi Arabia,SAU,2015,654000000000,Saudi Arabia_2015
784,Saudi Arabia,SAU,2014,756000000000,Saudi Arabia_2014
785,Senegal,SEN,2018,23116699808,Senegal_2018
786,Senegal,SEN,2017,20996564752,Senegal_2017
787,Senegal,SEN,2016,19040312815,Senegal_2016
788,Senegal,SEN,2015,17774766636,Senegal_2015
789,Senegal,SEN,2014,19797254643,Senegal_2014
790,Serbia,SRB,2018,50640650221,Serbia_2018
791,Serbia,SRB,2017,44179055280,Serbia_2017
792,Serbia,SRB,2016,40692643373,Serbia_2016
793,Serbia,SRB,2015,39655958843,Serbia_2015
794,Serbia,SRB,2014,47062206678,Serbia_2014
795,Seychelles,SYC,2018,1586009000,Seychelles_2018
796,Seychelles,SYC,2017,1524486800,Seychelles_2017
797,Seychelles,SYC,2016,1426651769,Seychelles_2016
798,Seychelles,SYC,2015,1377495054,Seychelles_2015
799,Seychelles,SYC,2014,1343007845,Seychelles_2014
800,Sierra Leone,SLE,2018,4085114794,Sierra Leone_2018
801,Sierra Leone,SLE,2017,3739577973,Sierra Leone_2017
802,Sierra Leone,SLE,2016,3674794530,Sierra Leone_2016
803,Sierra Leone,SLE,2015,4218723875,Sierra Leone_2015
804,Sierra Leone,SLE,2014,5015157816,Sierra Leone_2014
805,Singapore,SGP,2018,376000000000,Singapore_2018
806,Singapore,SGP,2017,343000000000,Singapore_2017
807,Singapore,SGP,2016,319000000000,Singapore_2016
808,Singapore,SGP,2015,308000000000,Singapore_2015
809,Singapore,SGP,2014,315000000000,Singapore_2014
810,Sint Maarten (Dutch Part),SXM,2018,1185474860,Sint Maarten (Dutch Part)_2018
811,Sint Maarten (Dutch Part),SXM,2017,1191620112,Sint Maarten (Dutch Part)_2017
812,Sint Maarten (Dutch Part),SXM,2016,1263687151,Sint Maarten (Dutch Part)_2016
813,Sint Maarten (Dutch Part),SXM,2015,1253072626,Sint Maarten (Dutch Part)_2015
814,Sint Maarten (Dutch Part),SXM,2014,1245251397,Sint Maarten (Dutch Part)_2014
815,Slovak Republic,SVK,2018,106000000000,Slovak Republic_2018
816,Slovak Republic,SVK,2017,95445220585,Slovak Republic_2017
817,Slovak Republic,SVK,2016,89716156543,Slovak Republic_2016
818,Slovak Republic,SVK,2015,88503140512,Slovak Republic_2015
819,Slovak Republic,SVK,2014,101000000000,Slovak Republic_2014
820,Slovenia,SVN,2018,54161636035,Slovenia_2018
821,Slovenia,SVN,2017,48586603448,Slovenia_2017
822,Slovenia,SVN,2016,44766722791,Slovenia_2016
823,Slovenia,SVN,2015,43107506024,Slovenia_2015
824,Slovenia,SVN,2014,49997186439,Slovenia_2014
825,Solomon Islands,SLB,2018,1574599183,Solomon Islands_2018
826,Solomon Islands,SLB,2017,1483758907,Solomon Islands_2017
827,Solomon Islands,SLB,2016,1378551118,Solomon Islands_2016
828,Solomon Islands,SLB,2015,1307061544,Solomon Islands_2015
829,Solomon Islands,SLB,2014,1335538893,Solomon Islands_2014
830,Somalia,SOM,2018,4720727283,Somalia_2018
831,Somalia,SOM,2017,4508845348,Somalia_2017
832,Somalia,SOM,2016,4198485404,Somalia_2016
833,Somalia,SOM,2015,4048860871,Somalia_2015
834,Somalia,SOM,2014,3963532302,Somalia_2014
835,South Africa,ZAF,2018,368000000000,South Africa_2018
836,South Africa,ZAF,2017,350000000000,South Africa_2017
837,South Africa,ZAF,2016,296000000000,South Africa_2016
838,South Africa,ZAF,2015,318000000000,South Africa_2015
839,South Africa,ZAF,2014,351000000000,South Africa_2014
840,South Korea,KOR,2018,1720000000000,South Korea_2018
841,South Korea,KOR,2017,1620000000000,South Korea_2017
842,South Korea,KOR,2016,1500000000000,South Korea_2016
843,South Korea,KOR,2015,1470000000000,South Korea_2015
844,South Korea,KOR,2014,1480000000000,South Korea_2014
845,South Sudan,SSD,2018,0,South Sudan_2018
846,South Sudan,SSD,2017,0,South Sudan_2017
847,South Sudan,SSD,2016,0,South Sudan_2016
848,South Sudan,SSD,2015,11997800760,South Sudan_2015
849,South Sudan,SSD,2014,13962212847,South Sudan_2014
850,Spain,ESP,2018,1420000000000,Spain_2018
851,Spain,ESP,2017,1310000000000,Spain_2017
852,Spain,ESP,2016,1230000000000,Spain_2016
853,Spain,ESP,2015,1200000000000,Spain_2015
854,Spain,ESP,2014,1370000000000,Spain_2014
855,Sri Lanka,LKA,2018,87954272082,Sri Lanka_2018
856,Sri Lanka,LKA,2017,87421762729,Sri Lanka_2017
857,Sri Lanka,LKA,2016,82401038710,Sri Lanka_2016
858,Sri Lanka,LKA,2015,80604080689,Sri Lanka_2015
859,Sri Lanka,LKA,2014,79356449841,Sri Lanka_2014
860,St. Kitts And Nevis,KNA,2018,1010822222,St. Kitts And Nevis_2018
861,St. Kitts And Nevis,KNA,2017,996944444,St. Kitts And Nevis_2017
862,St. Kitts And Nevis,KNA,2016,971170370,St. Kitts And Nevis_2016
863,St. Kitts And Nevis,KNA,2015,923155556,St. Kitts And Nevis_2015
864,St. Kitts And Nevis,KNA,2014,916566667,St. Kitts And Nevis_2014
865,St. Lucia,LCA,2018,2065875074,St. Lucia_2018
866,St. Lucia,LCA,2017,1999090407,St. Lucia_2017
867,St. Lucia,LCA,2016,1865375222,St. Lucia_2016
868,St. Lucia,LCA,2015,1808079889,St. Lucia_2015
869,St. Lucia,LCA,2014,1755130815,St. Lucia_2014
870,St. Vincent And The Grenadines,VCT,2018,811300000,St. Vincent And The Grenadines_2018
871,St. Vincent And The Grenadines,VCT,2017,792177778,St. Vincent And The Grenadines_2017
872,St. Vincent And The Grenadines,VCT,2016,774429630,St. Vincent And The Grenadines_2016
873,St. Vincent And The Grenadines,VCT,2015,755400000,St. Vincent And The Grenadines_2015
874,St. Vincent And The Grenadines,VCT,2014,727714815,St. Vincent And The Grenadines_2014
875,Sudan,SDN,2018,34522586970,Sudan_2018
876,Sudan,SSD,2017,45017179069,Sudan_2017
877,Sudan,SDN,2016,52804065670,Sudan_2016
878,Sudan,SSD,2015,64458521787,Sudan_2015
879,Sudan,SDN,2014,61731303935,Sudan_2014
880,Suriname,SUR,2018,3996247906,Suriname_2018
881,Suriname,SUR,2017,3591623596,Suriname_2017
882,Suriname,SUR,2016,3317438911,Suriname_2016
883,Suriname,SUR,2015,5126291451,Suriname_2015
884,Suriname,SUR,2014,5240606061,Suriname_2014
885,Sweden,SWE,2018,555000000000,Sweden_2018
886,Sweden,SWE,2017,541000000000,Sweden_2017
887,Sweden,SWE,2016,516000000000,Sweden_2016
888,Sweden,SWE,2015,505000000000,Sweden_2015
889,Sweden,SWE,2014,582000000000,Sweden_2014
890,Switzerland,CHE,2018,736000000000,Switzerland_2018
891,Switzerland,CHE,2017,704000000000,Switzerland_2017
892,Switzerland,CHE,2016,696000000000,Switzerland_2016
893,Switzerland,CHE,2015,702000000000,Switzerland_2015
894,Switzerland,CHE,2014,734000000000,Switzerland_2014
895,Tajikistan,TJK,2018,7765014424,Tajikistan_2018
896,Tajikistan,TJK,2017,7536439875,Tajikistan_2017
897,Tajikistan,TJK,2016,6992393787,Tajikistan_2016
898,Tajikistan,TJK,2015,8271454301,Tajikistan_2015
899,Tajikistan,TJK,2014,9112544556,Tajikistan_2014
900,Tanzania,TZA,2018,57003713748,Tanzania_2018
901,Tanzania,TZA,2017,53320625959,Tanzania_2017
902,Tanzania,TZA,2016,49774021003,Tanzania_2016
903,Tanzania,TZA,2015,47378599025,Tanzania_2015
904,Tanzania,TZA,2014,49964788814,Tanzania_2014
905,Thailand,THA,2018,507000000000,Thailand_2018
906,Thailand,THA,2017,456000000000,Thailand_2017
907,Thailand,THA,2016,413000000000,Thailand_2016
908,Thailand,THA,2015,401000000000,Thailand_2015
909,Thailand,THA,2014,407000000000,Thailand_2014
910,Timor-Leste,TLS,2018,1559894900,Timor-Leste_2018
911,Timor-Leste,TLS,2017,1599338100,Timor-Leste_2017
912,Timor-Leste,TLS,2016,1650608600,Timor-Leste_2016
913,Timor-Leste,TLS,2015,1594410800,Timor-Leste_2015
914,Timor-Leste,TLS,2014,1447311400,Timor-Leste_2014
915,Togo,TGO,2018,7112200725,Togo_2018
916,Togo,TGO,2017,6395472574,Togo_2017
917,Togo,TGO,2016,6031632168,Togo_2016
918,Togo,TGO,2015,4180866177,Togo_2015
919,Togo,TGO,2014,4574986537,Togo_2014
920,Tonga,TON,2018,489235527,Tonga_2018
921,Tonga,TON,2017,460379145,Tonga_2017
922,Tonga,TON,2016,420540179,Tonga_2016
923,Tonga,TON,2015,437006227,Tonga_2015
924,Tonga,TON,2014,439878828,Tonga_2014
925,Trinidad And Tobago,TTO,2018,23679919655,Trinidad And Tobago_2018
926,Trinidad And Tobago,TTO,2017,22385426654,Trinidad And Tobago_2017
927,Trinidad And Tobago,TTO,2016,22386264807,Trinidad And Tobago_2016
928,Trinidad And Tobago,TTO,2015,24959858249,Trinidad And Tobago_2015
929,Trinidad And Tobago,TTO,2014,27615843098,Trinidad And Tobago_2014
930,Tunisia,TUN,2018,39770478673,Tunisia_2018
931,Tunisia,TUN,2017,39802554352,Tunisia_2017
932,Tunisia,TUN,2016,41801284916,Tunisia_2016
933,Tunisia,TUN,2015,43173531811,Tunisia_2015
934,Tunisia,TUN,2014,47632390882,Tunisia_2014
935,Turkey,TUR,2018,778000000000,Turkey_2018
936,Turkey,TUR,2017,859000000000,Turkey_2017
937,Turkey,TUR,2016,870000000000,Turkey_2016
938,Turkey,TUR,2015,864000000000,Turkey_2015
939,Turkey,TUR,2014,939000000000,Turkey_2014
940,Turkmenistan,TKM,2018,40765428571,Turkmenistan_2018
941,Turkmenistan,TKM,2017,37926285714,Turkmenistan_2017
942,Turkmenistan,TKM,2016,36169428571,Turkmenistan_2016
943,Turkmenistan,TKM,2015,35799714286,Turkmenistan_2015
944,Turkmenistan,TKM,2014,43524210526,Turkmenistan_2014
945,Turks And Caicos Islands,TCA,2018,1113178000,Turks And Caicos Islands_2018
946,Turks And Caicos Islands,TCA,2017,1022365000,Turks And Caicos Islands_2017
947,Turks And Caicos Islands,TCA,2016,1032452000,Turks And Caicos Islands_2016
948,Turks And Caicos Islands,TCA,2015,942070000,Turks And Caicos Islands_2015
949,Turks And Caicos Islands,TCA,2014,841070000,Turks And Caicos Islands_2014
950,Tuvalu,TUV,2018,42588165,Tuvalu_2018
951,Tuvalu,TUV,2017,40619252,Tuvalu_2017
952,Tuvalu,TUV,2016,36547800,Tuvalu_2016
953,Tuvalu,TUV,2015,35492074,Tuvalu_2015
954,Tuvalu,TUV,2014,37290608,Tuvalu_2014
955,UAE,UAE,2018,422000000000,UAE_2018
956,UAE,UAE,2017,386000000000,UAE_2017
957,UAE,UAE,2016,357000000000,UAE_2016
958,UAE,UAE,2015,358000000000,UAE_2015
959,UAE,UAE,2014,403000000000,UAE_2014
960,Uganda,UGA,2018,32912338571,Uganda_2018
961,Uganda,UGA,2017,30744473840,Uganda_2017
962,Uganda,UGA,2016,29078589751,Uganda_2016
963,Uganda,UGA,2015,32248116473,Uganda_2015
964,Uganda,UGA,2014,32472362949,Uganda_2014
965,Ukraine,UKR,2018,131000000000,Ukraine_2018
966,Ukraine,UKR,2017,112000000000,Ukraine_2017
967,Ukraine,UKR,2016,93355993629,Ukraine_2016
968,Ukraine,UKR,2015,91030959455,Ukraine_2015
969,Ukraine,UKR,2014,134000000000,Ukraine_2014
970,United Kingdom,GBR,2018,2860000000000,United Kingdom_2018
971,United Kingdom,GBR,2017,2660000000000,United Kingdom_2017
972,United Kingdom,GBR,2016,2690000000000,United Kingdom_2016
973,United Kingdom,GBR,2015,2930000000000,United Kingdom_2015
974,United Kingdom,GBR,2014,3070000000000,United Kingdom_2014
975,United States,USA,2018,20600000000000,United States_2018
976,United States,USA,2017,19500000000000,United States_2017
977,United States,USA,2016,18700000000000,United States_2016
978,United States,USA,2015,18200000000000,United States_2015
979,United States,USA,2014,17500000000000,United States_2014
980,Uruguay,URY,2018,64515038268,Uruguay_2018
981,Uruguay,URY,2017,64233966861,Uruguay_2017
982,Uruguay,URY,2016,57236652490,Uruguay_2016
983,Uruguay,URY,2015,53274304222,Uruguay_2015
984,Uruguay,URY,2014,57236013086,Uruguay_2014
985,Uzbekistan,UZB,2018,50392607758,Uzbekistan_2018
986,Uzbekistan,UZB,2017,59159945321,Uzbekistan_2017
987,Uzbekistan,UZB,2016,81779012351,Uzbekistan_2016
988,Uzbekistan,UZB,2015,81847410182,Uzbekistan_2015
989,Uzbekistan,UZB,2014,76658542757,Uzbekistan_2014
990,Vanuatu,VUT,2018,914727908,Vanuatu_2018
991,Vanuatu,VUT,2017,880043554,Vanuatu_2017
992,Vanuatu,VUT,2016,780889606,Vanuatu_2016
993,Vanuatu,VUT,2015,730870582,Vanuatu_2015
994,Vanuatu,VUT,2014,772315721,Vanuatu_2014
995,"Venezuela, RB",VEN,2018,0,"Venezuela, RB_2018"
996,"Venezuela, RB",VEN,2017,0,"Venezuela, RB_2017"
997,"Venezuela, RB",VEN,2016,0,"Venezuela, RB_2016"
998,"Venezuela, RB",VEN,2015,0,"Venezuela, RB_2015"
999,"Venezuela, RB",VEN,2014,482000000000,"Venezuela, RB_2014"
1000,Vietnam,VNM,2018,245000000000,Vietnam_2018
1001,Vietnam,VNM,2017,224000000000,Vietnam_2017
1002,Vietnam,VNM,2016,205000000000,Vietnam_2016
1003,Vietnam,VNM,2015,193000000000,Vietnam_2015
1004,Vietnam,VNM,2014,186000000000,Vietnam_2014
1005,Virgin Islands (U.S.),VIR,2018,3984000000,Virgin Islands (U.S.)_2018
1006,Virgin Islands (U.S.),VIR,2017,3893000000,Virgin Islands (U.S.)_2017
1007,Virgin Islands (U.S.),VIR,2016,3873000000,Virgin Islands (U.S.)_2016
1008,Virgin Islands (U.S.),VIR,2015,3748000000,Virgin Islands (U.S.)_2015
1009,Virgin Islands (U.S.),VIR,2014,3622000000,Virgin Islands (U.S.)_2014
1010,West Bank And Gaza,PSE,2018,16276600000,West Bank And Gaza_2018
1011,West Bank And Gaza,PSE,2017,16128000000,West Bank And Gaza_2017
1012,West Bank And Gaza,PSE,2016,15405400000,West Bank And Gaza_2016
1013,West Bank And Gaza,PSE,2015,13972400000,West Bank And Gaza_2015
1014,West Bank And Gaza,PSE,2014,13989700000,West Bank And Gaza_2014
1015,"Yemen, Rep.",YEM,2018,23486269599,"Yemen, Rep._2018"
1016,"Yemen, Rep.",YEM,2017,26736138945,"Yemen, Rep._2017"
1017,"Yemen, Rep.",YEM,2016,30933825064,"Yemen, Rep._2016"
1018,"Yemen, Rep.",YEM,2015,42445102387,"Yemen, Rep._2015"
1019,"Yemen, Rep.",YEM,2014,43228585321,"Yemen, Rep._2014"
1020,Zambia,ZMB,2018,26311637647,Zambia_2018
1021,Zambia,ZMB,2017,25873601261,Zambia_2017
1022,Zambia,ZMB,2016,20958412538,Zambia_2016
1023,Zambia,ZMB,2015,21251216799,Zambia_2015
1024,Zambia,ZMB,2014,27141023558,Zambia_2014
1025,Zimbabwe,ZWE,2018,19523622342,Zimbabwe_2018
1026,Zimbabwe,ZWE,2017,19015327919,Zimbabwe_2017
1027,Zimbabwe,ZWE,2016,20548678100,Zimbabwe_2016
1028,Zimbabwe,ZWE,2015,19963120600,Zimbabwe_2015
1029,Zimbabwe,ZWE,2014,19495519600,Zimbabwe_2014
